{
    "bleu": 0.6720924965713002,
    "rouge": {
        "rouge1": 0.765938614275901,
        "rouge2": 0.733481253932283,
        "rougeL": 0.7637009619698856
    },
    "perplexity": 1.3781139850616455
}