{
    "bleu": 0.68323176635105,
    "rouge": {
        "rouge1": 0.7846812351987629,
        "rouge2": 0.7485899595392072,
        "rougeL": 0.7825576036266114
    },
    "perplexity": 1.2889991998672485
}