{
    "bleu": 0.6844141326642702,
    "rouge": {
        "rouge1": 0.7840526566367552,
        "rouge2": 0.747206502001814,
        "rougeL": 0.7821329576830099
    },
    "perplexity": 1.2355859279632568
}