{
    "bleu": 0.29333505727445625,
    "rouge": {
        "rouge1": 0.44787662823622776,
        "rouge2": 0.35474606815653426,
        "rougeL": 0.4441708259838474
    },
    "perplexity": 3.328206777572632
}